farm,representation,detector,normal_statuses,n_events,n_anomaly,n_normal,event_roc_auc,event_pr_auc,event_roc_auc_ci_low,event_roc_auc_ci_high,mean_anomaly_percentile,mean_normal_percentile,anomaly_normal_gap,anomaly_normal_gap_ci_low,anomaly_normal_gap_ci_high,detection_rate,normal_false_alarm_rate
A,quadratic_residual,gmm,0,22.0,12.0,10.0,0.7083333333333334,0.7600689332597228,0.4577546296296297,0.8681318681318682,0.5467399756300589,0.4857149983454578,0.061024977284601156,-0.009190022607881269,0.1295624785846622,0.16666666666666666,0.1
A,quadratic_residual,iforest,0,22.0,12.0,10.0,0.7,0.7937108030858032,0.31,0.9318181818181819,0.5285857397499717,0.4570095233432438,0.0715762164067279,-0.039281244576070684,0.16454628502604784,0.16666666666666666,0.0
B,quadratic_residual,gmm,0,15.0,6.0,9.0,0.42592592592592593,0.37853535353535356,0.1553703703703704,0.6825396825396826,0.6784677966117312,0.7096200078420982,-0.031152211230367044,-0.09083798800215727,0.02176675072214787,0.16666666666666666,0.0
B,quadratic_residual,iforest,0,15.0,6.0,9.0,0.5185185185185185,0.4446479446479447,0.20361111111111113,0.7777777777777778,0.6202081180743161,0.6291649917753623,-0.008956873701046253,-0.06980410130831767,0.04606778247212211,0.16666666666666666,0.2222222222222222
C,quadratic_residual,gmm,0,58.0,27.0,31.0,0.6953405017921147,0.7145227300474872,0.5588562192118227,0.811956885026738,0.8278678116894795,0.7101456140130424,0.1177221976764371,0.02545266724620364,0.1955065575388306,0.4074074074074074,0.16129032258064516
C,quadratic_residual,iforest,0,58.0,27.0,31.0,0.6642771804062126,0.645438356821662,0.5172939068100358,0.7844986321548821,0.8007077572526031,0.6938541136195718,0.10685364363303129,0.000892212837257659,0.19234984753957002,0.4074074074074074,0.22580645161290322
ALL,quadratic_residual,gmm,0,95.0,45.0,50.0,0.5955555555555555,0.6263394461703276,0.48260676105585965,0.7011654091089304,0.732980386729934,0.6651648817687554,0.06781550496117861,1.1451913241191371e-05,0.13483537225640324,0.3111111111111111,0.12
ALL,quadratic_residual,iforest,0,95.0,45.0,50.0,0.596,0.5931220091751404,0.4836486013986014,0.7014364035087719,0.7040752673614632,0.6348411536323485,0.0692341137291147,-0.0025367270749073927,0.13962290591535548,0.3111111111111111,0.18
