policy,n_rows,n_clusters,mean_cost,cost_ci_low,cost_ci_high,failure_rate,mean_wasted_life_days,mean_regret
oracle,62,21,50.475806451612904,50.408399470899475,50.556225198412704,0.0,0.4758064516129033,0.0
PTO,62,21,89.02620967741936,78.14676752645505,99.99029431216933,0.03225806451612903,30.9616935483871,38.55040322580645
DFL,186,21,146.5676523297491,128.51578483245146,172.48100198412698,0.16666666666666666,54.90098566308245,96.09184587813621
residual_threshold,62,21,147.36290322580643,130.241939484127,167.24117890211642,0.06451612903225806,81.23387096774194,96.88709677419355
probabilistic_stop,62,21,166.16935483870967,159.22958002645504,174.40190145502646,0.0,116.1693548387097,115.69354838709677
reactive,62,21,300.0,300.0,300.0,1.0,0.0,249.5241935483871
